"ID","Description","Quantity","底数","Designator","MPN","Manufactor"
"1","E ink Module 4.2inch-400x300px-Black-White;L97*W77*H1.15mm","1","1",,"HINK-E042A162","XingTai"
"2","PCBA; BeagleBadge","1","1",,,
"2.1","PCBA;BM3301 Module-1216","1","1","U25",,
"2.1.1","SMD Filter 2400MHz-2500MHz;4P-SMD-L1.6*W0.8*H0.6mm","1","1","U3","DEA162450BT-1295A1","TDK"
"2.1.2","SMD CAP Ceramic 10pF-25V-±5%-NPO;0201-D*Hmm","3","1","C1,C2,C24","CC0201JRNPO8BN100","YAGEO"
"2.1.3","SMD CAP Ceramic 100nF-10V-10%-X5R;0201","9","1","C6,C7,C8,C9,C10,C18,C20,C21,C23","CC0201KRX5R6BB104","YAGEO"
"2.1.4","SMD CAP Ceramic 4.7uF-10V-±10%-X5R;0402","2","1","C17,C22","CL05A475KP5NRNC","Samsung"
"2.1.5","SMD IPEX-GEN4 Female CONN;4P-L1.7*W1.7*H0.6mm","1","1","J1","ECT818000500","ECT"
"2.1.6","SMD Crystal 40MHz-9pF-10ppm-40R;4P-L2.0*W1.6*H0.5mm","1","1","Y1","Y4000Fc001","ECEC"
"2.1.7","CC3301 1216 shielding cover;0.2mm thickness","1","1",,,
"2.1.8","SMD CAP Ceramic 1uF-10V-±10%-X5R;0402","1","1","C5","CL05A105KP5NNNC","Samsung"
"2.1.9","SMD RES 200K-1%-1/20W;0201","1","1","R3","RC0201FR-07200KL","YAGEO"
"2.1.10","SMD IC RF;2.4GHz Wi-Fi 6 and BLE 5.4;QFN40","1","1","U2","CC3301ENJARSBR","TI"
"2.1.11","SMD CAP Ceramic;1uF-6.3V-±20%-X5R;0201","2","1","C3,C4","CC0201MRX5R5BB105","YAGEO"
"2.1.12","PCB;BM3301-1216 Module v1.0-Black-4L","1","1",,,
"2.1.13","SMD RES 0R-±1%-1/20W;0201","4","1","R1,R2,R4,L1","RC0201FR-070RL","YAGEO"
"2.1.14","SMD CAP Ceramic 10uF-6.3V-±20%-X5R;0402","1","1","C13","CL05A106MQ5NUNC","Samsung"
"2.1.15","SMD Ferrite Bead;120R-2A;0603","1","1","FB1","BLM18PG121SN1D","Murata"
"2.1.16","SMD IC PMIC;LDO-1.8V-300mA;X2SON-1*1-4L","1","1","U1","TLV73318PDQNR3","TI"
"2.2","SMD RES 0R-5%-1/16W;0402","81","1","R35,R40,R43,R44,R46,R48,R50,R51,R52,R107,R134,R135,R136,R137,R138,R139,R187,R197,R199,R200,R212,R213,R214,R223,R227,R228,R229,R230,R231,R232,R287,R289,R291,R292,R294,R298,R299,R300,R301,R302,R303,R304,R307,R309,R315,R321,R323,R325,R326,R327,R510,R515,R517,R518,R523,R527,R538,R539,R540,R543,R550,R554,R555,R556,R557,R567,R573,R580,R582,R583,R595,R598,R603,R607,R613,R614,R617,R619,R624,R627,R641","RC0402JR-070RL","YAGEO"
"2.3","SMD RES 22R-5%-1/16W;0402","7","1","R208,R209,R210,R211,R551,R553,R622","RC0402JR-0722RL","YAGEO"
"2.4","SMD RES 1K-5%-1/16W;0402","33","1","R85,R174,R182,R183,R184,R185,R193,R194,R196,R253,R254,R255,R256,R257,R258,R259,R264,R265,R266,R267,R268,R269,R270,R276,R277,R279,R280,R285,R286,R346,R347,R502,R623","RC0402JR-071KL","YAGEO"
"2.5","SMD RES 4.7K-5%-1/16W;0402","15","1","R14,R55,R56,R147,R148,R150,R151,R152,R153,R177,R178,R179,R288,R621,R655","RC0402JR-074K7L","YAGEO"
"2.6","SMD RES 100R-5%-1/16W;0402","1","1","R140","RC0402JR-07100RL","YAGEO"
"2.7","SMD RES 49.9R-1%-1/16W;0402","3","1","R66,R149,R154","RC0402FR-0749R9L","YAGEO"
"2.8","SMD RES 1M-1%-1/16W;0402","1","1","R166","RC0402FR-071ML","YAGEO"
"2.9","SMD RES 10K-1%-1/16W;0402","100","1","R1,R2,R20,R21,R25,R26,R31,R47,R49,R54,R67,R68,R74,R75,R81,R83,R108,R119,R125,R127,R128,R141,R142,R144,R159,R164,R165,R167,R168,R175,R186,R207,R218,R219,R220,R224,R226,R233,R234,R235,R236,R237,R241,R244,R245,R246,R247,R248,R271,R272,R273,R281,R312,R319,R324,R330,R335,R344,R350,R490,R491,R492,R493,R494,R495,R496,R497,R498,R500,R507,R508,R511,R520,R524,R525,R526,R533,R544,R546,R547,R560,R562,R563,R566,R576,R579,R599,R601,R606,R608,R609,R610,R611,R612,R615,R618,R620,R625,R644,R647","RC0402FR-0710KL","YAGEO"
"2.10","SMD RES 36K-±1%-1/16W;0402-D*Hmm","1","1","R332","RC0402FR-0736KL","YAGEO"
"2.11","SMD RES 47K-1%-1/16W;0402","13","1","R117,R118,R129,R130,R131,R132,R133,R201,R202,R203,R204,R205,R206","RC0402FR-0747KL","YAGEO"
"2.12","SMD RES 40.2K-1%-1/16W;0402","1","1","R191","RC0402FR-0740K2L","YAGEO"
"2.13","SMD RES 20K-1%-1/16W;0402","4","1","R161,R163,R195,R649","RC0402FR-0720KL","YAGEO"
"2.14","SMD RES 200K-1%-1/16W;0402","1","1","R342","RC0402FR-07200KL","YAGEO"
"2.15","SMD RES 0R-5%-1/10W;0603","9","1","R189,R275,R306,R630,R631,R637,R650,R651,R652","RC0603JR-070RL","YAGEO"
"2.15.D","SMD RES 0R-1/10W;0603","9","1","R189,R275,R306,R630,R631,R637,R650,R651,R652","ERJ-3GEY0R00V","Panasonic"
"2.16","SMD RES 0R-5%-1/4W;1206","1","1","R8","RC1206JR-070RL","YAGEO"
"2.17","SMD RES 100K-1%-1/16W;0402","22","1","R6,R22,R24,R28,R29,R88,R89,R95,R96,R98,R99,R101,R282,R283,R284,R295,R310,R505,R531,R648,R653,R654","RC0402FR-07100KL","YAGEO"
"2.18","SMD RES;5.1K-1%-1/16W;0402","2","1","R4,R5","RC0402FR-075K1L","YAGEO"
"2.19","SMD RES 0R-±1%-1/20W;0201","9","1","R57,R64,R120,R123,R126,R143,R274,R338,R552","RC0201FR-070RL","YAGEO"
"2.20","SMD RES;11K-1%-1/16W-0402","1","1","R313","RC0402FR-0711KL","YAGEO"
"2.21","SMD RES 270K-±1%-1/16W;0402-D*Hmm","1","1","R329","RC0402FR-07270KL","YAGEO"
"2.22","SMD RES 60.4K-±1%-1/16W;0402-D*Hmm","1","1","R331","RC0402FR-0760K4L","YAGEO"
"2.23","SMD 453K-1%-1/16W-0402","1","1","R3","RC0402FR-07453KL","YAGEO"
"2.24","SMD RES 12K-1%-1/16W;0402","1","1","R513","RC0402FR-0712KL","YAGEO"
"2.25","SMD RES 2.2K-1%-1/16W;0402","2","1","R105,R278","RC0402FR-072K2L","YAGEO"
"2.26","SMD RES 180K-1%-1/16W;0402","1","1","R311","RC0402FR-07180KL","YAGEO"
"2.27","SMD RES 10mR-±1%-1W;1206-D*Hmm","1","1","R501","RLM12FTCMR010","TA-I"
"2.28","SMD RES 2.2R-1%-1/10W;0603","1","1","R308","RC0603FR-072R2L","YAGEO"
"2.29","SMD RES 240R-1%-1/16W;0402","2","1","R104,R106","RC0402FR-07240RL","YAGEO"
"2.30","SMD RES 13.3K-1%-1/16W;0402","1","1","R192","RC0402FR-0713K3L","YAGEO"
"2.31","SMD RES 44.2K-1%-1/16W;0402","1","1","R32","RC0402FR-0744K2L","YAGEO"
"2.32","SMD RES 499R-1%-1/16W;0402","3","1","R146,R156,R158","RC0402FR-07499RL","YAGEO"
"2.33","SMD RES 91K-±1%-1/16W;0402-D*Hmm","1","1","R157","RC0402FR-0791KL","YAGEO"
"2.34","SMD RES 9.53KR-1%-1/16W;0402","1","1","R160","RC0402FR-079K53L","YAGEO"
"2.35","SMD CAP Ceramic 100nF-16V-10%-X7R;0402","71","1","C3,C8,C33,C35,C160,C161,C163,C164,C165,C166,C168,C169,C170,C171,C173,C174,C177,C213,C215,C219,C221,C225,C226,C227,C229,C232,C233,C234,C241,C243,C248,C249,C250,C251,C265,C269,C272,C277,C278,C279,C281,C374,C375,C376,C377,C381,C382,C384,C387,C391,C392,C393,C394,C401,C410,C411,C477,C479,C481,C482,C485,C486,C487,C488,C489,C490,C491,C492,C493,C494,C498","CC0402KRX7R7BB104","YAGEO"
"2.36","SMD CAP Ceramic 220pF-50V-5%-NPO;0402","5","1","C26,C176,C245,C500,C503","CC0402JRNPO9BN221","YAGEO"
"2.37","SMD CAP Ceramic 22pF-50V-5%-NPO;0402","17","1","C123,C235,C236,C237,C238,C239,C240,C242,C389,C395,C396,C397,C398,C399,C400,C480,C497","CC0402JRNPO9BN220","YAGEO"
"2.38","SMD CAP Ceramic 27pF-50V-5%-NPO;0402","2","1","C180,C181","CC0402JRNPO9BN270","YAGEO"
"2.39","SMD CAP Ceramic 10uF-10V-10%-X5R;0603","3","1","C268,C270,C271","CC0603KRX5R6BB106","YAGEO"
"2.40","SMD CAP Ceramic 1uF-25V-10%-X7R;0603","10","1","C252,C253,C254,C255,C256,C257,C258,C259,C260,C261","CC0603KRX7R8BB105","YAGEO"
"2.41","SMD CAP Ceramic 470nF-10V-10%-X5R;0402","2","1","C276,C383","CC0402KRX5R6BB474","YAGEO"
"2.42","SMD CAP Ceramic 100nF-10V-10%-X5R;0201","33","1","C23,C25,C67,C68,C69,C70,C76,C77,C78,C85,C86,C87,C90,C113,C115,C118,C128,C138,C149,C183,C187,C189,C193,C196,C197,C201,C204,C207,C210,C211,C388,C390,C506","CC0201KRX5R6BB104","YAGEO"
"2.43","SMD CAP Ceramic 1nF-16V-10%-X7R;0201","9","1","C185,C190,C191,C194,C199,C202,C205,C208,C217","CC0201KRX7R7BB102","YAGEO"
"2.44","SMD CAP Ceramic 100pF-50V-5%-NP0;0201","3","1","C124,C178,C179","CC0201JRNPO9BN101","YAGEO"
"2.45","SMD CAP Ceramic 10nF-16V-10%-X7R;0201","40","1","C96,C129,C130,C131,C132,C133,C134,C135,C136,C139,C140,C141,C142,C143,C144,C145,C146,C147,C150,C151,C152,C153,C154,C155,C156,C157,C158,C186,C188,C192,C195,C200,C203,C206,C209,C274,C282,C379,C380,C386","CC0201KRX7R7BB103","YAGEO"
"2.46","SMD CAP Ceramic 3.3uF-10V-±10%-X5R;0603-D*Hmm","1","1","C55","CL10A335KP8NNNC","Samsung"
"2.47","SMD CAP Ceramic 1uF-10V-20%-X5R;0201","31","1","C50,C51,C52,C53,C54,C65,C66,C72,C73,C74,C89,C91,C92,C93,C94,C95,C98,C99,C100,C101,C102,C103,C105,C106,C107,C108,C109,C110,C116,C117,C127","GRM033R61A105ME44D","Murata"
"2.48","SMD CAP Ceramic 1uF-10V-±10%-X5R;0402","12","1","C16,C18,C20,C24,C27,C28,C30,C159,C184,C495,C504,C505","CL05A105KP5NNNC","Samsung"
"2.49","SMD CAP Ceramic 22uF-25V-±20%-X5R;0805-D*Hmm","14","1","C1,C2,C4,C6,C7,C37,C39,C40,C42,C212,C214,C218,C264,C267","CL21A226MAYNNNE","Samsung"
"2.50","SMD CAP Ceramic 4.7uF-10V-±10%-X5R;0402","8","1","C36,C38,C41,C46,C75,C79,C220,C280","CL05A475KP5NRNC","Samsung"
"2.51","SMD CAP Ceramic 2.2uF-10V-10%-X5R;0402","9","1","C29,C43,C44,C47,C71,C112,C162,C167,C476","CL05A225KP5NSNC","Samsung"
"2.52","SMD CAP Ceramic;15pF-50V-5%-NP0;0201","4","1","C119,C120,C121,C122","CC0201JRNPO9BN150","YAGEO"
"2.53","SMD CAP Ceramic 120pF-50V-5%-NP0;0402","1","1","C5","CC0402JRNPO9BN121","YAGEO"
"2.54","SMD Inductor 10uH-20%-0.28R-700mA;2P-2520","1","1","L8","MLP2520S100MT0S1","TDK"
"2.55","SMD Inductor 0.47uH-20%-0.0215R-5.0A;2P-2520","3","1","L4,L5,L6","CSTB252012H-R47M","Codaca"
"2.56","SMD Inductor;0.22uH-20%-8mR-6.7A-2.5*2.0*1.2mm","1","1","L1","TFM252012ALMAR22MTAA","TDK"
"2.57","SMD Ferrite Bead;120R-2A;0603","2","1","FB3,FB4","BLM18PG121SN1D","Murata"
"2.58","SMD Ferrite Bead 120R-1.3A;0402","12","1","FB2,FB7,FB8,FB9,FB10,FB11,FB12,FB13,FB14,FB15,FB16,FB17","BLM15PD121SN1D","Murata"
"2.59","SMD Common Mode Chokes 90R-280mA;L2.0*W1.2*H1.4mm","2","1","L2,L7","DLW21SN900HQ2L","Murata"
"2.60","SMD Diode Schottky 40V-1A-0.6Vns-1mA;SOD-323-L*W*Hmm","4","1","D4,D17,D53,D55","B5819WS SL","CJ"
"2.61","SMD Diode Schottky 30V-200mA;SOD-523","3","1","D6,D49,D52","LRB520S-30T1G","LRC"
"2.62","SMD Diode Schottky 30V-1A-0.47V-1mA;DO-214AC(SMA)-L*W*Hmm","2","1","D31,D48","B130L-13-F","Diodes"
"2.63","SMD Diode Schottky 40V-1A;SOD-123","3","1","D45,D46,D47","B5819W","CJ"
"2.64","SMD Diode 75V-300mA-1.25V-4ns;SOD-323-L*W*Hmm","1","1","D26","1N4148WS","CJ"
"2.65","SMD TVS DIODE 3.6V-6.4V-1pF;X1SON(2)","27","1","D1,D2,D10,D11,D12,D13,D14,D15,D16,D27,D28,D29,D30,D33,D34,D35,D36,D37,D38,D39,D40,D41,D42,D43,D44,D50,D51","TPD1E1B04DPYR","TI"
"2.66","SMD Diode TVS 5V;SON-6(2x2mm)","1","1","U1","TVS0500DRVR","TI"
"2.67","SMD Diode ESD 0.05pF;0402","7","1","D18,D19,D20,D21,D22,D23,D54","ESDPSA0402V05","Semitel"
"2.68","SMD LED Yellow-Green;LED-0603","2","1","LED18,LED19","19-217/G7C-AN1P2/6T","Everlight"
"2.69","SMD LED Clear-Blue;0603","3","1","LED2,LED3,D3","19-217/BHC-ZL1M2RY/6T","Everlight"
"2.70","SMD LED Clear-Green;0805","14","1","LED4,LED5,LED6,LED7,LED8,LED9,LED10,LED11,LED12,LED13,LED14,LED15,LED16,LED17","17-215SYGC/S530-E2/4T","Everlight"
"2.71","SMD LED RGB;4P-L1.6*W1.6*H0.35mm","1","1","D25","19-237/R6GHBHC-D02/2T","Everlight"
"2.72","SMD Transistor NPN 50V-500mA;SOT-323","1","1","Q4","BC817W-25W","CJ"
"2.73","SMD MOSFET N-CH 50V-200mA;SOT-323-3","2","1","Q9,Q10","BSS138W-7-F","Diodes"
"2.74","SMD MOSFET N-CH;built-in ESD,Vgs =20V,Vds=30V,100mA;SOT-323","3","1","Q1,Q2,Q3","2SK3018","CJ"
"2.75","SMD Crystal 32.768KHz-9pF-20ppm;2P-3.2*1.5*0.75mm","1","1","X2","Q-SC32S0322090AAAF","Seiko Instruments"
"2.76","SMD Crystal 24MHz-20pF-10ppm;4P-SMD-L3.2*W2.5*H0.7mm","1","1","X3","M24000J407","ECEC"
"2.77","SMD Crystal 25MHz-10pF-10ppm-50R;4P-SMD-L2.0*W1.6*H0.5mm","1","1","X1","Y25000C036","ECEC"
"2.78","SMD Feed Through Capacitor(Filters);1uF-20%-DC 4V-2A-30mOhm;0402","12","1","C56,C57,C58,C59,C60,C61,C62,C80,C81,C82,C83,C84","NFM15HC105D0G3D","Murata"
"2.79","SMD IC Amplifier;X2SON4-0.48-0.8*0.8*0.4mm","2","1","U38,U45","TLV9061IDPWR","TI"
"2.80","SMD IC PMIC;DCDC Boost-ADJ-1.4A;SOT-23-5","1","1","U23","LMR62014XMFE/NOPB","TI"
"2.81","SMD IC Switch Power;1-CH-2A-60mR;WCSP-4","1","1","U58","TPS22916CYFPR","TI"
"2.82","SMD IC Switch Power;1-CH-6A-16mR;WSON-8","1","1","U5","TPS22965DSGR","TI"
"2.83","SMD IC Power LDO;1.5-6V to ADJ-500mA-IQ1uA;SOT-23-5","2","1","U4,U88","TLV75801PDBVR","TI"
"2.84","SMD IC Load Switch;1V to 5.5V,2A,52mOhm;SOT-23-6","4","1","U17,U32,U86,U87","TPS22918DBVR","TI"
"2.85","SMD IC PMIC;LOAD-SWITCH-500mA;SOT23-6","1","1","U22","TPD3S014DBVR","TI"
"2.86","SMD IC DCDC;Synchronous Buck Converter,2.5V to 5.5V,6A;SOT563","1","1","U2","TPS62A06DRLR","TI"
"2.87","SMD IC Logic;SC-70-5","1","1","U44","SN74LVC1G06DCKR","TI"
"2.88","SMD IC Logic;SC-70-5","1","1","U79","SN74LVC1G07DCKR","TI"
"2.89","SMD IC Logic;Single Schmitt-Trigger Buffer-SC-70-5","3","1","U59,U72,U78","SN74LVC1G17DCKR","TI"
"2.90","SMD IC Multiplexer Switch;4-Bit 1-of-2 FET Multiplexer/Demultiplexer,2.3V to 3.6V;TSSOP16","2","1","U73,U74","SN74CBTLV3257PWR","TI"
"2.91","SMD IC Logic;Single Buffer/Driver With 3-State Output;SC-70-5","2","1","U81,U83","SN74LV1T125DCKR","TI"
"2.92","SMD IC Logic;Single 2–Input Positive-AND Gate,1.65V to 5.5V;SOT-23-5","7","1","U18,U61,U65,U69,U71,U77,U84","SN74LVC1G08DBVR","TI"
"2.93","SMD IC Logic;4-Bit Dual-Supply Bus Transceiver with Configurable Voltage Translation,0.65V to 3.6V;UQFN(16)","2","1","U27,U80","SN74AXC4T245RSVR","TI"
"2.94","SMD IC Interface;QFN-24","1","1","U24","CP2102N-A02-GQFN24R","Silicon Labs"
"2.95","SMD IC Interface;16-Bit 1.8V to 5.5V SPI I/O expander with Open-Drain Outputs;QFN-24-EP","1","1","U42","MCP23S18-E/MJ","Microchip"
"2.96","SMD IC Memory;32Kb-IIC Serial EEPROM;SOT23-5","1","1","U35","FT24C32A-ELRT","FMD"
"2.97","SMD Top Button;4P-L6.0*W6.0*H5.0mm","2","1","SW2,SW3","TD-1101SR-C4C-A1R","DEALON"
"2.98","SMD Top Button 1.57N;4P-L4.6*W3.2*H2.5mm","2","1","S1,S2","TC-3X4X2.5","ChengQi"
"2.99","SMD Joystick;8P-L7.5*W7.5*H6mm","1","1","SW9","BLQ-1502-01-06","DEALON"
"2.100","SMD Optical Sensor;2P-1.7*0.8*0.6mm","1","1","Q7","ALS-PT19-315C/L177/TR8","Everlight"
"2.101","SMD IMU;±16g-±2000°/s;LGA-14-L2.5*W3*H0.83mm","1","1","U33","LSM6DS3TR-C","ST"
"2.102","SMD USB Type-c;12P+4-8.9*7.3*3.2mm","1","1","J1","UBF31-0171","M&T"
"2.103","SMD Black Female Header VERT;1*8P-2.54mm-L20.82-W2.5-H7.1mm","2","1","J20,J21","ST-FH-254-0144-1*8P-B","SINOTOP"
"2.104","SMD FPC Conn;R/A-Bottom Contact;22P-0.5mm-L15.4*W5.35*H2mm","1","1","J24","130-221-220001-W3G","BBJconn"
"2.105","SMD FPC  Top Contact;24+2P-0.5-15.5*5.9*2mm","1","1","J9","FPC0.5K-DH-24AWB","SINOTOP"
"2.106","SMD SD Card Holder;9P-L14.7*W13.8*H1.0mm","1","1","J3","ST-TF-003J","SUNGTECH"
"2.107","SMD Grove Female Header-Beige;4P-2.0-90D","1","1","J25","PHS-4A","SINOTOP"
"2.108","SMD SH Conn;4P-1mm-Ivory-white-R/A;L6.5*W5.55*H2.15mm","2","1","J6,J7","WY-4539","SINOTOP"
"2.109","SMD Stud; M2 bronze pillar, D5.56*1.5mm","4","1","MH1,MH2,MH3,MH4","SMTSO2015CTJ-UL",
"2.110","SMD RES Thermistor NTC 10K-1%;0402","1","1","R639","NCP15XH103F03RC","Murata"
"2.111","SMD Buzzer;Passive-2.5-4.5V-100mA;4P-L8.5*W8.5*H3mm","1","1","B1","MLT-8530H-16R 3.6V","HuaNeng"
"2.112","SMD IC MPU;TI AM62L32BOGHAANBR;2Core Cortex-A53-1.25GHz;FCCSP-373","1","1","U28","AM62L32BOGHAANBR","TI"
"2.113","SMD IC POWER PMIC;3CH-DC-DC-2CH-LDO;QFN-24","1","1","U11","TPS6521401VAFR","TI"
"2.114","SMD Ferrite Bead 26R-100MHz-6A;2P-0603-L*W*Hmm","1","1","FB1","BLM18SG260TN1D","Murata"
"2.115","SMD IC Interface USB Hub;USB 2.0-480Mb/s-2CH-OUT;HTQFN-48","1","1","U19","TUSB4020BIPHPR","TI"
"2.116","SMD Other Conn;5P-L9.5*W4.8*H6.6mm","1","1","J2","ST-BC-Y3103","SUNGTECH"
"2.117","SMD IC Charger Power Path;1cell-Liner-Vsys-4A-Charge-3.5A","1","1","U41","BQ24070RHLR","TI"
"2.118","SMD IC Fuel Gauges;Li-Ion & Li-Polymer-32000mAh;DSBGA-9","1","1","U43","BQ27220YZFR","TI"
"2.119","SMD USB Conn;TYPE-A-Female R/A-USB 2.0-1Port;4P+2P-L13.9*W14.1*H7mm","1","1","J4","U221-041N-4V33-S5","XKB Connection"
"2.120","SMD Inductor 47uH ±20%-950mA-0.579R;2P-L4*W4*H3mm","1","1","L9","SWPA4030S470MT","Sunlord"
"2.121","SMD IC Memory;LPDDR4;ISSI IS43LQ16128A-062BLI;2Gb;FBGA-200","1","1","U29","IS43LQ16128A-062BLI","ISSI"
"2.122","SMD IC Memory;OSPI Flash;ISSI IS25WX256-JHLE;256Mb;FBGA-24","1","1","U34","IS25WX256-JHLE","ISSI"
"2.123","SMD MOSFET N-CH;30V-2V-2A-82mR;SOT-23-3-L*W*Hmm","1","1","Q5","DMN3404L-7","Diodes"
"2.124","SMD RES 15K-1/16W-1%;0402","1","1","R509","RC0402FR-0715KL","YAGEO"
"2.125","SMD CAP Ceramic 10uF-10V-20%-X5R;0402","21","1","C19,C63,C64,C88,C97,C104,C111,C126,C137,C148,C172,C175,C198,C224,C228,C231,C244,C372,C407,C499,C502","CC0402MRX5R6BB106","YAGEO"
"2.126","SMD RES;2.4K-1%-1/16W;0402","1","1","R341","RC0402FR-072K4L","YAGEO"
"2.127","SMD RES 680R-1%-1/16W;0402","1","1","R514","RC0402FR-07680RL","YAGEO"
"2.128","SMD CAP Ceramic 220nF-16V-10%-X7R;0402","1","1","C496","CC0402KRX7R7BB224","YAGEO"
"2.129","SMD Diode ESD-3.3V-14V-0.4pF;DFN1006-2L-L1*W0.6*H0.5mm","2","1","D24,D56","ESD0301L","MDD"
"2.130","PCB;BeagleBadge v1.00-Black-6Layers-1.6mm","1","1",,,
"2.132","Wio-SX1262 Wireless Module （Tape Reel）","1","1","U36","Wio-SX1262",
